{"IcoMoonType":"selection","icons":[{"icon":{"paths":["M423.724 0h176.552v70.621h-176.552v-70.621z","M733.325 1024h-442.65c-24.029 0-43.502-19.474-43.502-43.502v-866.375c0-24.029 19.474-43.502 43.502-43.502h442.65c24.029 0 43.502 19.474 43.502 43.502v866.375c0 24.029-19.474 43.502-43.502 43.502z","M247.172 564.966v415.532c0 24.029 19.474 43.502 43.502 43.502h442.65c24.029 0 43.502-19.474 43.502-43.502v-415.532h-529.655z"],"attrs":[{"fill":"rgb(199, 202, 199)"},{"fill":"rgb(231, 236, 237)"},{"fill":"rgb(67, 176, 92)"}],"isMulticolor":true,"isMulticolor2":false,"grid":0,"tags":["battery-svgrepo-com"],"colorPermutations":{"1992021991231236237167176921":[{"f":1},{"f":2},{"f":0}]}},"attrs":[{"fill":"rgb(199, 202, 199)"},{"fill":"rgb(231, 236, 237)"},{"fill":"rgb(67, 176, 92)"}],"properties":{"order":2,"id":0,"name":"battery-svgrepo-com","prevSize":32,"code":59648,"codes":[59648,59649,59650]},"setIdx":0,"setId":2,"iconIdx":0}],"height":1024,"metadata":{"name":"icomoon"},"preferences":{"showGlyphs":true,"showQuickUse":true,"showQuickUse2":true,"showSVGs":true,"fontPref":{"prefix":"icon-","metadata":{"fontFamily":"icomoon"},"metrics":{"emSize":1024,"baseline":6.25,"whitespace":50},"embed":false},"imagePref":{"prefix":"icon-","png":true,"useClassSelector":true,"color":0,"bgColor":16777215,"classSelector":".icon"},"historySize":50,"showCodes":true,"gridSize":16}}